{"stats":{"minecraft:killed_by":{"minecraft:player":3},"minecraft:custom":{"minecraft:open_barrel":5,"minecraft:time_since_rest":4513,"minecraft:open_chest":2,"minecraft:play_time":9130,"minecraft:sprint_one_cm":3153,"minecraft:walk_one_cm":47267,"minecraft:damage_taken":836,"minecraft:deaths":3,"minecraft:sneak_time":14,"minecraft:jump":144,"minecraft:interact_with_stonecutter":1,"minecraft:damage_dealt":132,"minecraft:leave_game":1,"minecraft:time_since_death":4474,"minecraft:climb_one_cm":12248,"minecraft:total_world_time":9130,"minecraft:fall_one_cm":1521,"minecraft:fly_one_cm":4924},"minecraft:picked_up":{"minecraft:oak_door":2,"minecraft:wheat_seeds":3,"minecraft:tuff":1},"minecraft:used":{"minecraft:oak_door":1,"minecraft:iron_pickaxe":9},"minecraft:mined":{"minecraft:grass":19,"minecraft:gravel":1,"minecraft:dirt":1,"minecraft:cobbled_deepslate":9,"minecraft:tall_grass":6}},"DataVersion":3465}