{"stats":{"minecraft:crafted":{"minecraft:oak_door":3,"minecraft:oak_planks":48,"minecraft:furnace":1,"minecraft:bone_meal":87,"minecraft:spruce_fence":15,"minecraft:dark_oak_fence":45,"minecraft:deepslate_brick_wall":1,"minecraft:bow":1,"minecraft:iron_boots":1,"minecraft:iron_axe":1,"minecraft:ladder":33,"minecraft:stone_pickaxe":4,"minecraft:cobbled_deepslate_stairs":180,"minecraft:dark_oak_planks":256,"minecraft:wheat":252,"minecraft:cooked_cod":41,"minecraft:arrow":4,"minecraft:diamond_axe":1,"minecraft:crafting_table":2,"minecraft:spruce_planks":136,"minecraft:enchanting_table":1,"minecraft:iron_helmet":1,"minecraft:cooked_salmon":24,"minecraft:bucket":2,"minecraft:bread":62,"minecraft:air":0,"minecraft:iron_chestplate":1,"minecraft:book":1,"minecraft:paper":3,"minecraft:diamond_pickaxe":1,"minecraft:shield":1,"minecraft:stick":300,"minecraft:iron_ingot":40,"minecraft:iron_pickaxe":2,"minecraft:gold_ingot":35,"minecraft:spruce_fence_gate":1,"minecraft:torch":68,"minecraft:deepslate_tile_slab":4},"minecraft:broken":{"minecraft:leather_helmet":1,"minecraft:stone_axe":1,"minecraft:iron_pickaxe":1},"minecraft:custom":{"minecraft:interact_with_smithing_table":1,"minecraft:interact_with_anvil":2,"minecraft:mob_kills":66,"minecraft:interact_with_crafting_table":42,"minecraft:open_barrel":294,"minecraft:interact_with_campfire":1,"minecraft:leave_game":1,"minecraft:time_since_death":485082,"minecraft:climb_one_cm":87787,"minecraft:sprint_one_cm":591796,"minecraft:walk_one_cm":1426488,"minecraft:damage_blocked_by_shield":1365,"minecraft:drop":87,"minecraft:talked_to_villager":1,"minecraft:play_time":485082,"minecraft:sneak_time":40103,"minecraft:walk_under_water_one_cm":116730,"minecraft:boat_one_cm":17931,"minecraft:interact_with_brewingstand":1,"minecraft:jump":2747,"minecraft:interact_with_blast_furnace":12,"minecraft:walk_on_water_one_cm":50558,"minecraft:total_world_time":485082,"minecraft:interact_with_furnace":60,"minecraft:interact_with_stonecutter":9,"minecraft:sleep_in_bed":5,"minecraft:time_since_rest":320117,"minecraft:damage_taken":2088,"minecraft:damage_dealt":9020,"minecraft:swim_one_cm":175468,"minecraft:fly_one_cm":357452,"minecraft:open_chest":61,"minecraft:crouch_one_cm":132450,"minecraft:interact_with_smoker":12,"minecraft:fall_one_cm":30406,"minecraft:horse_one_cm":34954},"minecraft:picked_up":{"minecraft:crafting_table":6,"minecraft:iron_chestplate":2,"minecraft:ladder":119,"minecraft:chicken":1,"minecraft:suspicious_stew":2,"minecraft:leather_leggings":1,"minecraft:smithing_table":1,"minecraft:wooden_pickaxe":1,"minecraft:stone_brick_wall":2,"minecraft:enchanted_book":1,"minecraft:diamond_horse_armor":1,"minecraft:brewing_stand":1,"minecraft:shield":2,"minecraft:string":9,"minecraft:cooked_salmon":2,"minecraft:item_frame":15,"minecraft:purple_banner":7,"minecraft:diamond_leggings":1,"minecraft:candle":1,"minecraft:cobbled_deepslate":1616,"minecraft:spruce_planks":6,"minecraft:calcite":3,"minecraft:iron_pickaxe":1,"minecraft:spruce_slab":1,"minecraft:sugar_cane":34,"minecraft:iron_boots":1,"minecraft:furnace":2,"minecraft:raw_iron":47,"minecraft:deepslate_brick_wall":3,"minecraft:torch":13,"minecraft:spruce_stairs":1,"minecraft:cake":1,"minecraft:redstone":10,"minecraft:tnt":1,"minecraft:arrow":9,"minecraft:rotten_flesh":28,"minecraft:tropical_fish":1,"minecraft:diamond_boots":1,"minecraft:hay_block":107,"minecraft:saddle":1,"minecraft:gold_ingot":21,"minecraft:black_banner":13,"minecraft:deepslate_brick_stairs":13,"minecraft:obsidian":15,"minecraft:mutton":10,"minecraft:cod":4,"minecraft:cobblestone":71,"minecraft:leather_chestplate":1,"minecraft:feather":6,"minecraft:magenta_banner":13,"minecraft:salmon":2,"minecraft:leather":5,"minecraft:copper_block":8,"minecraft:potato":6,"minecraft:flint":2,"minecraft:tuff":168,"minecraft:oak_log":12,"minecraft:cobbled_deepslate_stairs":61,"minecraft:gunpowder":3,"minecraft:lapis_lazuli":9,"minecraft:dirt":26,"minecraft:paper":2,"minecraft:lantern":33,"minecraft:name_tag":1,"artifacts:shock_pendant":1,"minecraft:bone":5,"minecraft:chipped_anvil":1,"minecraft:apple":14,"minecraft:kelp":109,"minecraft:wheat_seeds":1,"minecraft:raw_gold":31,"minecraft:iron_ingot":34,"minecraft:cooked_chicken":3,"minecraft:cobweb":4,"minecraft:diamond_helmet":1,"minecraft:gray_bed":1,"minecraft:book":192,"minecraft:gravel":11,"minecraft:sand":1,"minecraft:spruce_sapling":1,"minecraft:white_bed":3,"minecraft:spruce_log":84,"minecraft:mossy_cobblestone":1,"minecraft:dark_oak_log":64,"minecraft:spider_eye":2,"minecraft:barrel":59,"minecraft:leather_helmet":1,"minecraft:slime_ball":1,"minecraft:diamond":19,"minecraft:stone_axe":2,"minecraft:chainmail_leggings":1,"minecraft:bone_meal":37,"minecraft:emerald":5,"minecraft:bread":3,"minecraft:coal":27},"minecraft:used":{"minecraft:spruce_slab":1,"minecraft:ladder":3,"minecraft:spruce_planks":40,"minecraft:shield":24,"minecraft:cooked_salmon":2,"minecraft:cooked_chicken":3,"minecraft:oak_door":3,"minecraft:torch":73,"minecraft:dirt":21,"minecraft:tuff":97,"minecraft:spruce_fence":15,"minecraft:chipped_anvil":1,"minecraft:lantern":25,"minecraft:iron_axe":97,"minecraft:barrel":16,"minecraft:bow":1,"minecraft:hay_block":13,"minecraft:sweet_berries":7,"minecraft:cooked_cod":47,"minecraft:furnace":2,"minecraft:cobbled_deepslate":832,"minecraft:deepslate_brick_wall":48,"minecraft:water_bucket":6,"minecraft:stone_pickaxe":94,"minecraft:spruce_fence_gate":1,"minecraft:wooden_pickaxe":16,"minecraft:sugar_cane":31,"minecraft:diamond_axe":367,"minecraft:crafting_table":7,"minecraft:white_bed":3,"minecraft:cobbled_deepslate_stairs":240,"minecraft:cake":1,"minecraft:deepslate_brick_stairs":182,"minecraft:diamond_pickaxe":1343,"minecraft:apple":5,"minecraft:iron_pickaxe":644,"minecraft:bread":6,"minecraft:suspicious_stew":2,"minecraft:stone_axe":130,"minecraft:diamond_sword":70,"minecraft:cobblestone":43,"minecraft:dark_oak_fence":30,"minecraft:bucket":10,"minecraft:tropical_fish_bucket":2},"minecraft:killed":{"minecraft:spider":6,"minecraft:cod":5,"minecraft:skeleton":20,"minecraft:chicken":1,"minecraft:salmon":3,"minecraft:creeper":1,"minecraft:zombie":27},"minecraft:dropped":{"minecraft:water_bucket":1,"minecraft:enchanted_book":1,"minecraft:soul_sand":1,"minecraft:mossy_cobblestone":1,"minecraft:crafting_table":1,"minecraft:iron_helmet":1,"minecraft:book":9,"minecraft:apple":18,"minecraft:tropical_fish":3,"minecraft:black_banner":2,"minecraft:coal":4,"minecraft:cobweb":9,"minecraft:dirt":1,"minecraft:torch":8,"minecraft:gray_bed":1,"minecraft:iron_leggings":1,"minecraft:bone_meal":37,"minecraft:sand":1,"minecraft:string":2,"minecraft:gold_ingot":6,"minecraft:redstone":10,"minecraft:gravel":5,"minecraft:stone_axe":1,"minecraft:kelp":117,"minecraft:cobbled_deepslate":312,"minecraft:tuff":29,"minecraft:wheat":2,"minecraft:rotten_flesh":12,"minecraft:iron_boots":2,"minecraft:diamond_sword":1,"minecraft:hay_block":9,"minecraft:shield":2,"minecraft:iron_chestplate":1,"minecraft:stone_brick_wall":1,"minecraft:ladder":30,"minecraft:barrel":20,"minecraft:stone_pickaxe":3,"minecraft:raw_gold":6},"minecraft:mined":{"minecraft:tuff":177,"minecraft:spruce_planks":4,"minecraft:white_bed":2,"minecraft:mossy_cobblestone":1,"minecraft:deepslate_diamond_ore":14,"minecraft:candle":2,"minecraft:cobbled_deepslate_stairs":61,"minecraft:brewing_stand":1,"minecraft:obsidian":14,"minecraft:ladder":119,"minecraft:stone_brick_wall":2,"minecraft:grass_block":21,"minecraft:redstone_wire":1,"minecraft:kelp":1,"minecraft:hay_block":98,"minecraft:furnace":2,"minecraft:iron_ore":17,"minecraft:cobbled_deepslate":228,"minecraft:barrel":39,"minecraft:bookshelf":120,"minecraft:deepslate_iron_ore":29,"minecraft:lantern":30,"minecraft:deepslate_brick_stairs":19,"minecraft:stone":66,"minecraft:spruce_slab":1,"minecraft:cake":1,"minecraft:smithing_table":1,"minecraft:deepslate_redstone_ore":1,"minecraft:oak_slab":6,"minecraft:magenta_wall_banner":13,"minecraft:kelp_plant":1,"minecraft:deepslate_brick_wall":3,"minecraft:clay":1,"minecraft:crafting_table":6,"minecraft:torch":3,"minecraft:purple_wall_banner":8,"minecraft:calcite":3,"minecraft:andesite_wall":2,"minecraft:spruce_wall_sign":3,"minecraft:tall_grass":4,"minecraft:deepslate_coal_ore":7,"minecraft:cobblestone":1,"minecraft:deepslate_gold_ore":30,"minecraft:sugar_cane":27,"minecraft:spruce_stairs":1,"minecraft:black_wall_banner":12,"minecraft:gray_bed":1,"minecraft:spruce_log":9,"minecraft:tnt":1,"minecraft:stone_brick_stairs":1,"minecraft:grass":10,"minecraft:oak_log":12,"minecraft:coal_ore":17,"minecraft:gravel":12,"minecraft:sand":1,"minecraft:dirt":18,"minecraft:cobweb":70,"minecraft:cracked_stone_bricks":1,"minecraft:stone_bricks":2,"minecraft:mossy_stone_bricks":1,"minecraft:chipped_anvil":1,"minecraft:oak_leaves":1,"minecraft:deepslate":1334}},"DataVersion":3465}