{"stats":{"minecraft:crafted":{"minecraft:oak_planks":84,"minecraft:oak_sign":6,"minecraft:cobblestone_slab":192,"minecraft:dark_oak_boat":1,"minecraft:cooked_chicken":2,"minecraft:stone":9,"minecraft:bookshelf":39,"minecraft:cooked_mutton":18,"minecraft:dark_oak_door":3,"minecraft:hopper":4,"minecraft:iron_boots":1,"minecraft:crafting_table":5,"minecraft:spruce_planks":380,"minecraft:wooden_pickaxe":1,"minecraft:spruce_door":3,"minecraft:iron_chestplate":1,"minecraft:diamond_pickaxe":1,"minecraft:shield":4,"minecraft:stick":284,"minecraft:stone_slab":6,"minecraft:iron_ingot":130,"minecraft:iron_pickaxe":2,"minecraft:stone_sword":2,"minecraft:gold_ingot":64,"minecraft:furnace":1,"minecraft:flint_and_steel":1,"minecraft:iron_axe":1,"minecraft:ladder":102,"minecraft:stone_pickaxe":2,"minecraft:cobblestone_wall":6,"minecraft:cobbled_deepslate_stairs":16,"minecraft:spruce_boat":1,"minecraft:dark_oak_planks":136,"minecraft:wheat":693,"minecraft:diamond_sword":1,"minecraft:stone_axe":2,"minecraft:bread":192,"minecraft:air":0,"minecraft:iron_leggings":1,"minecraft:stonecutter":1,"minecraft:white_bed":1,"minecraft:torch":288},"minecraft:broken":{"minecraft:stone_pickaxe":1,"minecraft:diamond_pickaxe":1,"minecraft:flint_and_steel":1,"minecraft:iron_axe":1,"minecraft:iron_pickaxe":2},"minecraft:custom":{"minecraft:interact_with_crafting_table":54,"minecraft:open_barrel":587,"minecraft:leave_game":2,"minecraft:time_since_death":251566,"minecraft:sprint_one_cm":743332,"minecraft:damage_blocked_by_shield":2550,"minecraft:drop":308,"minecraft:talked_to_villager":2,"minecraft:play_time":575584,"minecraft:deaths":1,"minecraft:jump":5832,"minecraft:walk_on_water_one_cm":110242,"minecraft:enchant_item":5,"minecraft:interact_with_furnace":35,"minecraft:sleep_in_bed":5,"minecraft:damage_dealt":44483,"minecraft:player_kills":3,"minecraft:crouch_one_cm":204908,"minecraft:interact_with_smoker":11,"minecraft:horse_one_cm":20728,"minecraft:interact_with_anvil":5,"minecraft:mob_kills":344,"minecraft:inspect_hopper":2,"minecraft:interact_with_campfire":7,"minecraft:climb_one_cm":67951,"minecraft:walk_one_cm":1357546,"minecraft:sneak_time":61038,"minecraft:walk_under_water_one_cm":191592,"minecraft:boat_one_cm":117062,"minecraft:interact_with_blast_furnace":9,"minecraft:total_world_time":575584,"minecraft:time_since_rest":251665,"minecraft:damage_taken":3649,"minecraft:swim_one_cm":125331,"minecraft:fly_one_cm":1402150,"minecraft:open_chest":180,"minecraft:fall_one_cm":183704},"minecraft:picked_up":{"minecraft:iron_chestplate":2,"minecraft:wheat":2,"minecraft:chainmail_boots":1,"minecraft:anvil":3,"minecraft:lead":2,"artifacts:bunny_hoppers":1,"minecraft:smithing_table":2,"minecraft:diamond_sword":1,"minecraft:potion":1,"minecraft:golden_shovel":2,"minecraft:stone_brick_stairs":3,"minecraft:crimson_planks":128,"minecraft:amethyst_block":14,"minecraft:string":90,"minecraft:raw_copper":30,"minecraft:cooked_salmon":1,"minecraft:smooth_stone_slab":3,"minecraft:iron_leggings":2,"minecraft:purple_banner":2,"minecraft:oak_sign":2,"minecraft:beetroot":14,"minecraft:diamond_leggings":1,"minecraft:cobbled_deepslate":1598,"bosses_of_mass_destruction:soul_star":2,"minecraft:spruce_planks":5,"minecraft:redstone_torch":14,"minecraft:cobblestone_slab":19,"minecraft:calcite":379,"minecraft:iron_pickaxe":5,"minecraft:melon_slice":10,"minecraft:coal_block":24,"minecraft:furnace":5,"minecraft:iron_boots":2,"minecraft:golden_helmet":1,"minecraft:stick":156,"minecraft:torch":61,"minecraft:porkchop":23,"minecraft:golden_axe":2,"minecraft:warped_button":2,"minecraft:warped_planks":192,"minecraft:quartz_block":320,"minecraft:rotten_flesh":98,"minecraft:deepslate_brick_stairs":128,"minecraft:obsidian":1,"minecraft:cod":8,"minecraft:iron_bars":10,"minecraft:cobblestone":640,"minecraft:birch_log":18,"minecraft:magma_block":36,"minecraft:leather_chestplate":4,"minecraft:feather":4,"minecraft:iron_door":8,"minecraft:birch_slab":1,"minecraft:golden_leggings":1,"minecraft:smoker":1,"minecraft:potato":27,"minecraft:flint":20,"minecraft:tuff":104,"minecraft:map":1,"minecraft:lapis_lazuli":258,"minecraft:lantern":4,"minecraft:dirt":56,"artifacts:shock_pendant":1,"minecraft:leather_boots":3,"minecraft:bone":78,"minecraft:bow":5,"minecraft:wheat_seeds":7,"minecraft:raw_gold":78,"minecraft:cobbled_deepslate_slab":6,"minecraft:diamond_helmet":1,"minecraft:mossy_stone_bricks":21,"minecraft:fletching_table":1,"minecraft:moss_block":2,"minecraft:stripped_spruce_log":4,"minecraft:mossy_cobblestone":52,"minecraft:dark_oak_log":98,"minecraft:barrel":49,"minecraft:polished_andesite":2,"minecraft:deepslate":192,"minecraft:diamond":17,"minecraft:spruce_boat":1,"minecraft:chainmail_helmet":2,"minecraft:golden_horse_armor":1,"minecraft:bread":81,"minecraft:oak_sapling":16,"minecraft:andesite_slab":2,"minecraft:diamond_pickaxe":2,"minecraft:charcoal":3,"minecraft:coarse_dirt":2,"minecraft:crafting_table":6,"minecraft:chicken":4,"minecraft:ladder":30,"minecraft:golden_pickaxe":2,"minecraft:stone_brick_wall":2,"minecraft:diamond_horse_armor":1,"minecraft:chain":13,"minecraft:shield":8,"minecraft:iron_axe":3,"minecraft:wooden_sword":2,"minecraft:item_frame":1,"minecraft:blackstone":448,"minecraft:cracked_stone_bricks":9,"minecraft:cartography_table":2,"minecraft:beef":74,"minecraft:poppy":1,"minecraft:sugar_cane":108,"minecraft:chest":66,"minecraft:birch_sapling":9,"minecraft:dark_oak_sapling":82,"minecraft:raw_iron":115,"minecraft:oak_door":2,"minecraft:cookie":2,"minecraft:redstone":316,"minecraft:iron_horse_armor":5,"minecraft:diamond_chestplate":1,"minecraft:arrow":107,"minecraft:cooked_cod":2,"minecraft:deepslate_bricks":129,"minecraft:diamond_boots":2,"minecraft:hay_block":95,"minecraft:cracked_deepslate_bricks":2,"minecraft:black_banner":2,"minecraft:saddle":3,"minecraft:gold_ingot":12,"minecraft:polished_blackstone":128,"minecraft:mutton":19,"minecraft:skeleton_skull":1,"minecraft:white_wool":9,"minecraft:crimson_stem":256,"minecraft:glow_ink_sac":3,"minecraft:salmon":7,"minecraft:leather":42,"minecraft:mushroom_stew":3,"minecraft:oak_log":25,"minecraft:cobbled_deepslate_stairs":2,"minecraft:gunpowder":6,"minecraft:paper":3,"minecraft:apple":62,"minecraft:stone_bricks":24,"minecraft:kelp":392,"minecraft:warped_stem":256,"minecraft:iron_ingot":27,"minecraft:cooked_chicken":1,"minecraft:cobweb":10,"minecraft:glass_bottle":3,"minecraft:soul_sand":15,"minecraft:iron_sword":6,"minecraft:book":124,"minecraft:oak_slab":6,"minecraft:polished_andesite_stairs":2,"minecraft:smooth_basalt":147,"minecraft:stone_brick_slab":2,"minecraft:quartz":320,"minecraft:gravel":79,"minecraft:spruce_sapling":75,"minecraft:blast_furnace":6,"minecraft:white_bed":1,"minecraft:spruce_log":184,"minecraft:spider_eye":6,"minecraft:stone_axe":1,"minecraft:iron_helmet":4,"minecraft:gray_wool":1,"minecraft:damaged_anvil":1,"minecraft:black_wool":2,"minecraft:coal":182,"minecraft:hopper":1,"minecraft:ender_pearl":3},"minecraft:used":{"minecraft:polished_blackstone":320,"minecraft:oak_sign":7,"minecraft:ladder":116,"minecraft:chest":14,"minecraft:shield":48,"minecraft:soul_sand":3,"minecraft:skeleton_spawn_egg":2,"minecraft:deepslate_brick_slab":126,"minecraft:obsidian":17,"minecraft:spruce_boat":2,"minecraft:glass":5,"minecraft:lava_bucket":118,"minecraft:lantern":30,"minecraft:birch_sapling":7,"minecraft:quartz_block":81,"minecraft:bow":6,"minecraft:dark_oak_boat":1,"minecraft:oak_sapling":6,"minecraft:furnace":4,"minecraft:cooked_cod":2,"minecraft:skeleton_skull":2,"minecraft:polished_blackstone_stairs":5,"minecraft:dark_oak_sapling":55,"minecraft:mossy_stone_bricks":1,"minecraft:diamond_boots":1,"minecraft:spruce_door":3,"minecraft:stone_pickaxe":229,"minecraft:wooden_pickaxe":3,"artifacts:eternal_steak":3,"minecraft:sugar_cane":6,"minecraft:blast_furnace":2,"minecraft:stone_brick_wall":2,"minecraft:cobbled_deepslate_stairs":13,"minecraft:deepslate_brick_stairs":107,"minecraft:redstone_torch":26,"minecraft:bread":90,"minecraft:gravel":11,"minecraft:soul_lantern":2,"minecraft:diamond_sword":556,"minecraft:grindstone":1,"minecraft:warped_button":8,"minecraft:enchanting_table":2,"minecraft:stone_sword":186,"minecraft:flint_and_steel":65,"minecraft:spruce_planks":91,"minecraft:polished_blackstone_wall":215,"minecraft:cooked_salmon":1,"minecraft:cooked_chicken":2,"minecraft:oak_door":2,"minecraft:torch":356,"minecraft:dirt":41,"minecraft:anvil":2,"minecraft:hopper":5,"minecraft:cobblestone_wall":2,"minecraft:diamond_helmet":1,"minecraft:polished_diorite":443,"minecraft:dark_oak_planks":4,"minecraft:bookshelf":57,"minecraft:iron_axe":421,"minecraft:spawner":1,"minecraft:crimson_planks":47,"minecraft:barrel":4,"minecraft:diamond_chestplate":1,"minecraft:warped_stairs":8,"minecraft:cobbled_deepslate":459,"minecraft:calcite":414,"minecraft:cooked_mutton":1,"minecraft:water_bucket":14,"minecraft:warped_stem":310,"minecraft:cobblestone_slab":128,"minecraft:deepslate_bricks":41,"minecraft:mossy_cobblestone":2,"minecraft:tnt":23,"minecraft:crafting_table":11,"minecraft:white_bed":2,"minecraft:dark_oak_door":1,"minecraft:smoker":1,"minecraft:diamond_pickaxe":1666,"minecraft:iron_pickaxe":719,"minecraft:suspicious_stew":1,"minecraft:map":1,"minecraft:spruce_sapling":66,"minecraft:stone_axe":166,"minecraft:cobblestone":210,"minecraft:potion":1,"minecraft:bucket":15,"minecraft:kelp":143},"minecraft:killed":{"minecraft:cave_spider":2,"minecraft:witch":1,"minecraft:spider":13,"minecraft:cod":2,"minecraft:skeleton":138,"minecraft:chicken":4,"minecraft:silverfish":14,"artifacts:mimic":1,"minecraft:pig":11,"minecraft:zombie_villager":2,"minecraft:salmon":7,"minecraft:creeper":6,"minecraft:sheep":12,"minecraft:trader_llama":2,"minecraft:zombie":81,"minecraft:cow":37,"minecraft:drowned":2,"minecraft:bat":4,"minecraft:wandering_trader":1,"minecraft:player":2,"minecraft:enderman":4},"minecraft:dropped":{"minecraft:crimson_stem":256,"minecraft:iron_sword":8,"minecraft:warped_stem":256,"minecraft:lapis_lazuli":19,"minecraft:golden_pickaxe":1,"minecraft:diamond":2,"minecraft:glass_bottle":4,"artifacts:shock_pendant":1,"minecraft:cookie":2,"minecraft:lantern":42,"minecraft:leather":20,"minecraft:iron_horse_armor":7,"minecraft:cracked_stone_bricks":5,"minecraft:saddle":5,"minecraft:leather_helmet":1,"minecraft:flint":13,"minecraft:emerald":5,"minecraft:dark_oak_log":64,"minecraft:mutton":10,"minecraft:chain":18,"minecraft:wooden_sword":2,"minecraft:iron_pickaxe":7,"minecraft:dark_oak_planks":1,"minecraft:gold_ingot":9,"minecraft:bone":40,"minecraft:gravel":2,"minecraft:stone_axe":4,"minecraft:blackstone":460,"minecraft:sugar_cane":23,"minecraft:cooked_chicken":1,"minecraft:cobbled_deepslate":216,"minecraft:andesite_slab":2,"minecraft:birch_sapling":1,"minecraft:wheat":117,"minecraft:obsidian":1,"minecraft:purple_banner":1,"minecraft:beetroot":14,"minecraft:rotten_flesh":5,"minecraft:golden_shovel":2,"minecraft:warped_planks":192,"minecraft:chainmail_chestplate":1,"minecraft:poppy":1,"minecraft:leather_chestplate":7,"minecraft:gunpowder":7,"minecraft:skeleton_skull":1,"minecraft:charcoal":9,"minecraft:quartz_block":342,"minecraft:beetroot_seeds":2,"minecraft:leather_boots":3,"minecraft:chainmail_boots":1,"minecraft:chest":2,"minecraft:leather_leggings":1,"minecraft:arrow":1,"minecraft:iron_bars":15,"minecraft:quartz":345,"minecraft:stone_brick_stairs":1,"minecraft:cartography_table":1,"minecraft:crimson_planks":128,"minecraft:bread":74,"minecraft:iron_ingot":25,"minecraft:oak_slab":5,"minecraft:wheat_seeds":3,"minecraft:golden_helmet":2,"minecraft:cobbled_deepslate_stairs":3,"minecraft:tnt":4,"minecraft:polished_blackstone":129,"minecraft:mossy_cobblestone":1,"minecraft:golden_horse_armor":1,"minecraft:diamond_leggings":1,"minecraft:poisonous_potato":4,"minecraft:cobblestone":6,"minecraft:iron_helmet":5,"minecraft:golden_axe":1,"minecraft:feather":4,"minecraft:apple":9,"minecraft:chainmail_helmet":1,"minecraft:coal":2,"minecraft:mushroom_stew":6,"minecraft:stick":11,"minecraft:polished_andesite":1,"minecraft:cobweb":7,"minecraft:diamond_horse_armor":1,"minecraft:deepslate_brick_stairs":129,"minecraft:torch":2,"minecraft:melon_slice":10,"minecraft:iron_door":8,"minecraft:map":1,"minecraft:diamond_helmet":1,"minecraft:iron_leggings":2,"minecraft:polished_andesite_stairs":2,"minecraft:iron_axe":1,"minecraft:paper":7,"minecraft:chainmail_leggings":1,"minecraft:string":3,"minecraft:music_disc_cat":1,"minecraft:spruce_sapling":1,"minecraft:stone_brick_slab":1,"minecraft:redstone":100,"minecraft:kelp":4,"minecraft:stone_sword":1,"minecraft:raw_copper":7,"minecraft:smooth_stone_slab":1,"minecraft:deepslate":192,"minecraft:tuff":1,"minecraft:iron_boots":2,"minecraft:suspicious_stew":2,"minecraft:deepslate_bricks":129,"minecraft:potato":29,"minecraft:hay_block":9,"minecraft:shield":7,"minecraft:spruce_planks":2,"minecraft:iron_chestplate":5,"minecraft:mossy_stone_bricks":15,"minecraft:golden_leggings":1,"minecraft:oak_sapling":10,"minecraft:redstone_torch":15,"minecraft:barrel":13,"minecraft:stone_bricks":11,"minecraft:diamond_boots":2,"minecraft:spruce_log":75,"minecraft:bow":4,"minecraft:stone_pickaxe":1,"minecraft:wooden_pickaxe":1},"minecraft:mined":{"minecraft:spruce_planks":2,"minecraft:white_bed":2,"minecraft:cobbled_deepslate_stairs":2,"minecraft:obsidian":1,"minecraft:budding_amethyst":1,"minecraft:grass_block":13,"minecraft:stone_brick_wall":3,"minecraft:coal_block":24,"minecraft:deepslate_bricks":1,"minecraft:hopper":1,"minecraft:spawner":10,"minecraft:tall_seagrass":5,"minecraft:magma_block":36,"minecraft:cobbled_deepslate":108,"minecraft:iron_ore":10,"minecraft:fire":52,"minecraft:barrel":53,"minecraft:fletching_table":1,"minecraft:deepslate_lapis_ore":24,"minecraft:anvil":3,"minecraft:oak_sign":2,"minecraft:iron_bars":1,"minecraft:deepslate_redstone_ore":46,"minecraft:kelp_plant":25,"minecraft:smoker":1,"minecraft:torch":13,"minecraft:blast_furnace":6,"minecraft:calcite":387,"minecraft:poppy":1,"minecraft:polished_andesite_stairs":2,"minecraft:chest":75,"minecraft:cobblestone":180,"minecraft:sugar_cane":75,"minecraft:damaged_anvil":1,"minecraft:iron_door":4,"minecraft:wall_torch":23,"minecraft:amethyst_block":5,"minecraft:deepslate_copper_ore":4,"minecraft:skeleton_skull":1,"minecraft:seagrass":2,"minecraft:birch_log":18,"minecraft:stone_brick_stairs":3,"minecraft:smooth_stone_slab":3,"minecraft:grass":13,"minecraft:oak_log":25,"minecraft:dark_oak_sapling":2,"minecraft:dirt":32,"minecraft:smooth_basalt":143,"minecraft:oak_leaves":3,"minecraft:deepslate":571,"minecraft:infested_deepslate":1,"minecraft:tuff":9,"minecraft:mossy_cobblestone":52,"minecraft:deepslate_diamond_ore":16,"minecraft:oak_door":2,"minecraft:dark_oak_log":98,"minecraft:cobbled_deepslate_slab":4,"minecraft:birch_slab":1,"minecraft:spruce_leaves":11,"minecraft:kelp":1,"minecraft:moss_block":2,"minecraft:hay_block":86,"minecraft:furnace":4,"minecraft:stripped_spruce_log":4,"minecraft:bookshelf":1,"minecraft:deepslate_iron_ore":101,"minecraft:cobblestone_slab":70,"minecraft:vine":1,"minecraft:lantern":1,"minecraft:stone":462,"minecraft:smithing_table":2,"minecraft:soul_sand":14,"minecraft:stone_brick_slab":1,"minecraft:crafting_table":6,"minecraft:purple_wall_banner":1,"minecraft:andesite_slab":1,"minecraft:tall_grass":11,"minecraft:copper_ore":3,"minecraft:lapis_ore":6,"minecraft:deepslate_gold_ore":58,"minecraft:cracked_deepslate_bricks":2,"minecraft:coarse_dirt":2,"minecraft:black_wall_banner":1,"minecraft:spruce_log":196,"minecraft:birch_leaves":3,"minecraft:coal_ore":119,"minecraft:gravel":95,"minecraft:cobweb":8,"minecraft:cracked_stone_bricks":7,"minecraft:polished_andesite":2,"minecraft:stone_bricks":20,"minecraft:mossy_stone_bricks":13,"minecraft:gold_ore":10,"minecraft:infested_stone":1}},"DataVersion":3465}