{"stats":{"minecraft:crafted":{"minecraft:oak_planks":20,"minecraft:spruce_sign":3,"minecraft:crafting_table":1,"minecraft:spruce_planks":16,"minecraft:iron_helmet":1,"minecraft:spruce_door":3,"minecraft:blue_dye":2,"minecraft:oak_boat":1,"minecraft:iron_boots":1,"minecraft:iron_chestplate":1,"minecraft:diamond_pickaxe":1,"minecraft:shield":2,"minecraft:iron_axe":1,"minecraft:stick":4,"minecraft:iron_pickaxe":1,"minecraft:iron_shovel":1,"minecraft:iron_leggings":2,"minecraft:torch":208},"minecraft:broken":{"minecraft:iron_pickaxe":1},"minecraft:custom":{"minecraft:interact_with_furnace":3,"minecraft:mob_kills":25,"minecraft:interact_with_crafting_table":9,"minecraft:open_barrel":162,"minecraft:eat_cake_slice":3,"minecraft:leave_game":2,"minecraft:time_since_death":113677,"minecraft:sleep_in_bed":3,"minecraft:climb_one_cm":25264,"minecraft:time_since_rest":34084,"minecraft:sprint_one_cm":196977,"minecraft:damage_taken":980,"minecraft:walk_one_cm":341255,"minecraft:damage_blocked_by_shield":330,"minecraft:trigger_trapped_chest":2,"minecraft:drop":3,"minecraft:damage_dealt":5455,"minecraft:swim_one_cm":10363,"minecraft:fly_one_cm":304709,"minecraft:open_chest":12,"minecraft:crouch_one_cm":25228,"minecraft:play_time":113677,"minecraft:sneak_time":6688,"minecraft:walk_under_water_one_cm":1618,"minecraft:boat_one_cm":35152,"minecraft:jump":1385,"minecraft:interact_with_blast_furnace":3,"minecraft:walk_on_water_one_cm":5924,"minecraft:enchant_item":1,"minecraft:total_world_time":113677,"minecraft:fall_one_cm":26808,"minecraft:horse_one_cm":1973},"minecraft:picked_up":{"minecraft:charcoal":2,"minecraft:crafting_table":2,"minecraft:water_bucket":1,"minecraft:glow_ink_sac":4,"minecraft:diamond_sword":1,"minecraft:smoker":1,"minecraft:tuff":18,"minecraft:gunpowder":3,"minecraft:dirt":12,"minecraft:lapis_lazuli":7,"minecraft:string":2,"minecraft:bone":8,"minecraft:chipped_anvil":1,"minecraft:bow":1,"minecraft:candle":4,"minecraft:cobbled_deepslate":835,"minecraft:calcite":2,"minecraft:sugar_cane":11,"minecraft:gray_bed":1,"minecraft:oak_planks":2,"minecraft:raw_iron":3,"minecraft:torch":3,"minecraft:gravel":6,"minecraft:amethyst_shard":3,"minecraft:spruce_sapling":1,"minecraft:spruce_log":1,"minecraft:redstone":73,"minecraft:barrel":5,"minecraft:spider_eye":1,"minecraft:tnt":1,"minecraft:arrow":3,"minecraft:rotten_flesh":15,"minecraft:diamond":7,"minecraft:diamond_boots":1,"minecraft:spruce_sign":3,"minecraft:cobblestone":55,"minecraft:diamond_pickaxe":1},"minecraft:used":{"minecraft:calcite":128,"minecraft:water_bucket":4,"minecraft:iron_shovel":18,"minecraft:spruce_door":3,"minecraft:redstone":4,"minecraft:oak_planks":2,"minecraft:spruce_planks":2,"minecraft:shield":8,"minecraft:spruce_sign":5,"minecraft:glow_ink_sac":1,"minecraft:torch":63,"minecraft:blue_dye":2,"minecraft:dirt":11,"minecraft:tnt":1,"minecraft:crafting_table":3,"minecraft:smoker":1,"minecraft:diamond_pickaxe":686,"minecraft:chipped_anvil":1,"minecraft:iron_axe":17,"minecraft:bread":25,"minecraft:iron_pickaxe":253,"minecraft:gravel":4,"minecraft:barrel":1,"minecraft:diamond_sword":72,"minecraft:cobblestone":5,"minecraft:bow":7,"minecraft:gray_bed":1,"minecraft:bucket":4,"minecraft:oak_boat":1,"minecraft:cobbled_deepslate":282,"minecraft:candle":4},"minecraft:killed":{"minecraft:spider":2,"minecraft:creeper":3,"minecraft:skeleton":3,"minecraft:zombie":15,"minecraft:drowned":1},"minecraft:dropped":{"minecraft:diamond_pickaxe":1,"minecraft:charcoal":2,"minecraft:diamond_boots":1},"minecraft:mined":{"minecraft:deepslate_redstone_ore":16,"minecraft:tuff":18,"minecraft:deepslate_diamond_ore":3,"minecraft:candle":2,"minecraft:cobbled_deepslate_stairs":1,"minecraft:smoker":1,"minecraft:torch":2,"minecraft:crafting_table":2,"minecraft:glow_lichen":1,"minecraft:calcite":2,"minecraft:grass_block":1,"minecraft:redstone_wire":3,"minecraft:campfire":1,"minecraft:cobblestone":6,"minecraft:spruce_leaves":1,"minecraft:oak_planks":2,"minecraft:wall_torch":1,"minecraft:cobbled_deepslate":15,"minecraft:barrel":5,"minecraft:spruce_log":1,"minecraft:tnt":1,"minecraft:deepslate_lapis_ore":1,"minecraft:grass":3,"minecraft:deepslate_iron_ore":3,"minecraft:gravel":7,"minecraft:dirt":12,"minecraft:stone":52,"minecraft:chipped_anvil":1,"minecraft:deepslate":815}},"DataVersion":3465}