{"stats":{"minecraft:custom":{"minecraft:jump":26,"minecraft:time_since_rest":769,"minecraft:leave_game":1,"minecraft:play_time":769,"minecraft:time_since_death":769,"minecraft:walk_one_cm":3032,"minecraft:total_world_time":769,"minecraft:drop":1,"minecraft:fall_one_cm":418,"minecraft:fly_one_cm":52},"minecraft:dropped":{"minecraft:wheat_seeds":1},"minecraft:mined":{"minecraft:grass":8,"minecraft:grass_block":1,"minecraft:spruce_leaves":1},"minecraft:used":{"minecraft:dirt":1},"minecraft:picked_up":{"minecraft:wheat_seeds":1,"minecraft:dirt":1}},"DataVersion":3465}